{
	"Too Expensive": {
		"density": [
			[-10.0, 0.0],
			[-5.0, 0.0],
			[0.0, 0.000556],
			[5.0, 0.003144],
			[10.0, 0.006019],
			[15.0, 0.003029],
			[20.0, 0.007433],
			[25.0, 0.007133],
			[30.0, 0.013293],
			[35.0, 0.005945],
			[40.0, 0.017495],
			[45.0, 0.009153],
			[50.0, 0.044637],
			[55.0, 0.003862],
			[60.0, 0.05263],
			[65.0, 0.023642],
			[70.0, 0.053946],
			[75.0, 0.024513],
			[80.0, 0.056819],
			[85.0, 0.003542],
			[90.0, 0.015761],
			[95.0, 0.00051],
			[100.0, 0.053549],
			[105.0, 0.0],
			[110.0, 0.002073],
			[115.0, 0.0],
			[120.0, 0.007147],
			[125.0, 0.002556],
			[130.0, 0.000229],
			[135.0, 0.0],
			[140.0, 0.0],
			[145.0, 0.0],
			[150.0, 0.0]
		],
		"lower_bound": 42,
		"upper_bound": 91
	},
	"Too Cheap": {
		"density": [
			[-10.0, 0.0],
			[-5.0, 0.0],
			[0.0, 0.01948],
			[5.0, 0.079564],
			[10.0, 0.090475],
			[15.0, 0.042973],
			[20.0, 0.062453],
			[25.0, 0.016592],
			[30.0, 0.024847],
			[35.0, 0.003386],
			[40.0, 0.010038],
			[45.0, 0.0],
			[50.0, 0.0],
			[55.0, 0.0],
			[60.0, 0.0],
			[65.0, 0.0],
			[70.0, 0.0],
			[75.0, 0.0],
			[80.0, 0.0],
			[85.0, 0.0],
			[90.0, 0.0],
			[95.0, 0.0],
			[100.0, 0.0],
			[105.0, 0.0],
			[110.0, 0.0],
			[115.0, 0.0],
			[120.0, 0.0],
			[125.0, 0.0],
			[130.0, 0.0],
			[135.0, 0.0],
			[140.0, 0.0],
			[145.0, 0.0],
			[150.0, 0.0]
		],
		"lower_bound": 2,
		"upper_bound": 22
	},
	"Not Expensive": {
		"density": [
			[-10.0, 0.0],
			[-5.0, 0.0],
			[0.0, 0.002281],
			[5.0, 0.016456],
			[10.0, 0.026375],
			[15.0, 0.032342],
			[20.0, 0.071909],
			[25.0, 0.046461],
			[30.0, 0.063643],
			[35.0, 0.028293],
			[40.0, 0.050166],
			[45.0, 0.016826],
			[50.0, 0.03677],
			[55.0, 0.00129],
			[60.0, 0.005216],
			[65.0, 0.002028],
			[70.0, 0.0],
			[75.0, 0.0],
			[80.0, 0.0],
			[85.0, 0.0],
			[90.0, 0.0],
			[95.0, 0.0],
			[100.0, 0.0],
			[105.0, 0.0],
			[110.0, 0.0], 
			[115.0, 0.0],
			[120.0, 0.0],
			[125.0, 0.0],
			[130.0, 0.0],
			[135.0, 0.0],
			[140.0, 0.0],
			[145.0, 0.0],
			[150.0, 0.0]
		],
		"lower_bound": 14,
		"upper_bound": 42
	},
	"Not Bargain": {
		"density": [
			[-10.0, 0.0],
			[-5.0, 0.0],
			[0.0, 0.000562],
			[5.0, 0.004376],
			[10.0, 0.005649],
			[15.0, 0.008681],
			[20.0, 0.018858],
			[25.0, 0.021582],
			[30.0, 0.031538],
			[35.0, 0.0179],
			[40.0, 0.050854],
			[45.0, 0.023879],
			[50.0, 0.063912],
			[55.0, 0.012637],
			[60.0, 0.059768],
			[65.0, 0.021113],
			[70.0, 0.027524],
			[75.0, 0.009702],
			[80.0, 0.011008],
			[85.0, 0.000506],
			[90.0, 0.001767],
			[95.0, 0.00051],
			[100.0, 0.007971],
			[105.0, 0.0],
			[110.0, 0.0],
			[115.0, 0.0],
			[120.0, 0.0],
			[125.0, 0.0],
			[130.0, 0.0],
			[135.0, 0.0],
			[140.0, 0.0],
			[145.0, 0.0],
			[150.0, 0.0]
		],
		"lower_bound": 27,
		"upper_bound": 67
	},
	"Too Expensive1": {
		"density": [
			[-10.0, 0.0],
			[-5.0, 0.0],
			[0.0, 0.000556],
			[5.0, 0.003144],
			[10.0, 0.006019],
			[15.0, 0.003029],
			[20.0, 0.007433],
			[25.0, 0.007133],
			[30.0, 0.013293],
			[35.0, 0.005945],
			[40.0, 0.017495],
			[45.0, 0.009153],
			[50.0, 0.044637],
			[55.0, 0.003862],
			[60.0, 0.05263],
			[65.0, 0.023642],
			[70.0, 0.053946],
			[75.0, 0.024513],
			[80.0, 0.056819],
			[85.0, 0.003542],
			[90.0, 0.015761],
			[95.0, 0.00051],
			[100.0, 0.053549],
			[105.0, 0.0],
			[110.0, 0.002073],
			[115.0, 0.0],
			[120.0, 0.007147],
			[125.0, 0.002556],
			[130.0, 0.000229],
			[135.0, 0.0],
			[140.0, 0.0],
			[145.0, 0.0],
			[150.0, 0.0]
		],
		"lower_bound": 42,
		"upper_bound": 91
	},
	"Too Cheap1": {
		"density": [
			[-10.0, 0.0],
			[-5.0, 0.0],
			[0.0, 0.01948],
			[5.0, 0.079564],
			[10.0, 0.090475],
			[15.0, 0.042973],
			[20.0, 0.062453],
			[25.0, 0.016592],
			[30.0, 0.024847],
			[35.0, 0.003386],
			[40.0, 0.010038],
			[45.0, 0.0],
			[50.0, 0.0],
			[55.0, 0.0],
			[60.0, 0.0],
			[65.0, 0.0],
			[70.0, 0.0],
			[75.0, 0.0],
			[80.0, 0.0],
			[85.0, 0.0],
			[90.0, 0.0],
			[95.0, 0.0],
			[100.0, 0.0],
			[105.0, 0.0],
			[110.0, 0.0],
			[115.0, 0.0],
			[120.0, 0.0],
			[125.0, 0.0],
			[130.0, 0.0],
			[135.0, 0.0],
			[140.0, 0.0],
			[145.0, 0.0],
			[150.0, 0.0]
		],
		"lower_bound": 2,
		"upper_bound": 22
	},
	"Not Expensive1": {
		"density": [
			[-10.0, 0.0],
			[-5.0, 0.0],
			[0.0, 0.002281],
			[5.0, 0.016456],
			[10.0, 0.026375],
			[15.0, 0.032342],
			[20.0, 0.071909],
			[25.0, 0.046461],
			[30.0, 0.063643],
			[35.0, 0.028293],
			[40.0, 0.050166],
			[45.0, 0.016826],
			[50.0, 0.03677],
			[55.0, 0.00129],
			[60.0, 0.005216],
			[65.0, 0.002028],
			[70.0, 0.0],
			[75.0, 0.0],
			[80.0, 0.0],
			[85.0, 0.0],
			[90.0, 0.0],
			[95.0, 0.0],
			[100.0, 0.0],
			[105.0, 0.0],
			[110.0, 0.0], 
			[115.0, 0.0],
			[120.0, 0.0],
			[125.0, 0.0],
			[130.0, 0.0],
			[135.0, 0.0],
			[140.0, 0.0],
			[145.0, 0.0],
			[150.0, 0.0]
		],
		"lower_bound": 14,
		"upper_bound": 42
	},
	"Not Bargain1": {
		"density": [
			[-10.0, 0.0],
			[-5.0, 0.0],
			[0.0, 0.000562],
			[5.0, 0.004376],
			[10.0, 0.005649],
			[15.0, 0.008681],
			[20.0, 0.018858],
			[25.0, 0.021582],
			[30.0, 0.031538],
			[35.0, 0.0179],
			[40.0, 0.050854],
			[45.0, 0.023879],
			[50.0, 0.063912],
			[55.0, 0.012637],
			[60.0, 0.059768],
			[65.0, 0.021113],
			[70.0, 0.027524],
			[75.0, 0.009702],
			[80.0, 0.011008],
			[85.0, 0.000506],
			[90.0, 0.001767],
			[95.0, 0.00051],
			[100.0, 0.007971],
			[105.0, 0.0],
			[110.0, 0.0],
			[115.0, 0.0],
			[120.0, 0.0],
			[125.0, 0.0],
			[130.0, 0.0],
			[135.0, 0.0],
			[140.0, 0.0],
			[145.0, 0.0],
			[150.0, 0.0]
		],
		"lower_bound": 27,
		"upper_bound": 67
	},
	"Too Expensive2": {
		"density": [
			[-10.0, 0.0],
			[-5.0, 0.0],
			[0.0, 0.000556],
			[5.0, 0.003144],
			[10.0, 0.006019],
			[15.0, 0.003029],
			[20.0, 0.007433],
			[25.0, 0.007133],
			[30.0, 0.013293],
			[35.0, 0.005945],
			[40.0, 0.017495],
			[45.0, 0.009153],
			[50.0, 0.044637],
			[55.0, 0.003862],
			[60.0, 0.05263],
			[65.0, 0.023642],
			[70.0, 0.053946],
			[75.0, 0.024513],
			[80.0, 0.056819],
			[85.0, 0.003542],
			[90.0, 0.015761],
			[95.0, 0.00051],
			[100.0, 0.053549],
			[105.0, 0.0],
			[110.0, 0.002073],
			[115.0, 0.0],
			[120.0, 0.007147],
			[125.0, 0.002556],
			[130.0, 0.000229],
			[135.0, 0.0],
			[140.0, 0.0],
			[145.0, 0.0],
			[150.0, 0.0]
		],
		"lower_bound": 42,
		"upper_bound": 91
	},
	"Too Cheap2": {
		"density": [
			[-10.0, 0.0],
			[-5.0, 0.0],
			[0.0, 0.01948],
			[5.0, 0.079564],
			[10.0, 0.090475],
			[15.0, 0.042973],
			[20.0, 0.062453],
			[25.0, 0.016592],
			[30.0, 0.024847],
			[35.0, 0.003386],
			[40.0, 0.010038],
			[45.0, 0.0],
			[50.0, 0.0],
			[55.0, 0.0],
			[60.0, 0.0],
			[65.0, 0.0],
			[70.0, 0.0],
			[75.0, 0.0],
			[80.0, 0.0],
			[85.0, 0.0],
			[90.0, 0.0],
			[95.0, 0.0],
			[100.0, 0.0],
			[105.0, 0.0],
			[110.0, 0.0],
			[115.0, 0.0],
			[120.0, 0.0],
			[125.0, 0.0],
			[130.0, 0.0],
			[135.0, 0.0],
			[140.0, 0.0],
			[145.0, 0.0],
			[150.0, 0.0]
		],
		"lower_bound": 2,
		"upper_bound": 22
	},
	"Not Expensive2": {
		"density": [
			[-10.0, 0.0],
			[-5.0, 0.0],
			[0.0, 0.002281],
			[5.0, 0.016456],
			[10.0, 0.026375],
			[15.0, 0.032342],
			[20.0, 0.071909],
			[25.0, 0.046461],
			[30.0, 0.063643],
			[35.0, 0.028293],
			[40.0, 0.050166],
			[45.0, 0.016826],
			[50.0, 0.03677],
			[55.0, 0.00129],
			[60.0, 0.005216],
			[65.0, 0.002028],
			[70.0, 0.0],
			[75.0, 0.0],
			[80.0, 0.0],
			[85.0, 0.0],
			[90.0, 0.0],
			[95.0, 0.0],
			[100.0, 0.0],
			[105.0, 0.0],
			[110.0, 0.0], 
			[115.0, 0.0],
			[120.0, 0.0],
			[125.0, 0.0],
			[130.0, 0.0],
			[135.0, 0.0],
			[140.0, 0.0],
			[145.0, 0.0],
			[150.0, 0.0]
		],
		"lower_bound": 14,
		"upper_bound": 42
	},